Wann?,Wo?,Ort,Ortsteil,Strasse,Was?,Sonstiges,Serie,Schaden?,Meldung
,,,,,,,,,
12/7/2013,Heilbronn,Heilbronn,,Schönbeinstraße,Lkw,,,,"Drei Lkw, welche auf dem Firmengelände einer Speditionsfirma in der Heilbronner Schönbeinstraße standen, wurden durch Unbekannte aufgebrochen. Die Täter brachen die Schlösser der Türen auf und gelangten so in das Innere der Fahrerkabine, aus der sie Bargeld und Elektronilartikel stahlen. Die Tat hat sich vermutlich bereits in der Nacht von Freitag auf Samstag ereignet. Über die Höhe des entstandenen Sachschadens können bislang keine Angaben gemacht werden. Sachdienliche Hinweise nimmt die Polizei Heilbronn unter Tel.Nr.: 07131/1042500 entgegen."
12/7/2013,Heilbronn,Heilbronn,,Lichtenbergerstraße,Pkw,,,,"Am Samstag, 07.12.2013, zwischen Mitternacht und 04.00 Uhr, wurden im Stadtbereich Heilbronn 4 Autos aufgebrochen. In der Lichtenbergerstraße schlug der Täter an 2 Pkw Seitenscheiben ein und ließ aus dem Fahrzeuginnern Taschen, ein Handy und eine Geldbörse mitgehen. In der Charlottenstraße wurden in der Nähe einer Disco ebenfalls 2 Autos aufgebrochen. Nach dem Einschlagen einer Seitenscheibe und dem Aufwuchten einer Türe konnte der Täter lediglich eine Schminktasche finden. An allen 4 Autos wurde erheblicher Sachschaden hinterlassen. Hinweise werden an das Polizeirevier Heilbronn, Telefon 07131 1042500, erbeten."
12/1/2013,Öhringen,Öhringen,,,Pkw,,,"1,500","  Auf dem Gelände eines Autohauses im Brenntenstock machten sich Diebe am vergangenen Wochenende an dort ausgestellten Fahrzeugen zu schaffen. Von zwei X5 montierten sie jeweils die beiden Außenspiegel ab. An neun weiteren PKW wurden die vorderen bzw. die hinteren BMW-Embleme entwendet. Zudem klauten die Täter 16 Embleme von den Alufelgen der Fahrzeuge. Der Wert der Beute wurde auf über 1.500 Euro beziffert.
Bereits in der Nacht zum Freitag hatte zudem ein Unbekannter die linke Heckscheibe eines BMW 116d eingeschlagen und dadurch einen Schaden von 600 Euro hinterlassen.
Zeugen, die in den Tatzeiträumen etwas Verdächtiges beobachtet haben, sollten sich unter Tel. 07941/9300 beim Polizeirevier melden."
11/30/2013,Öhringen,Öhringen,,,Pkw,Räder,,,"  Seinen Audi A3 hatte ein Mann am Freitag um 15 Uhr auf dem Parkplatz an der Römerbadhalle abgestellt. Als der 29-Jährige am Samstag gegen 12 Uhr wieder wegfahren wollte, musste er feststellen, dass ein Unbekannter seinen PKW aufgebrochen hatte. Der Autoknacker fand jedoch lediglich eine Ein-Mark-Münze, die er mitnahm. Zeugenhinweise nimmt das Polizeirevier unter Tel. 07941/9300 entgegen."
12/3/2013,Bretzfeld,Bretzfeld,,Maybachstraße,Pkw,Räder,,,"  Von zwei Seat-Neuwagen, die auf dem Gelände eines Autohauses in der Schwabbacher Maybachstraße ausgestellt waren, entwendeten Unbekannte in der Nacht zum Dienstag acht 16-Zoll Alu-Räder mit Sommerreifen 205/55R16 im Wert von 2.000 Euro. Zeugen, die etwas Verdächtiges beobachtet haben, sollten sich unter Tel. 07946/940010 beim Polizeiposten Bretzfeld melden."
11/23/2013,Waldenburg,Waldenburg,,Gebhardtstraße,Pkw,Räder,,,"  Vier Winterkompletträder entwendete ein Unbekannter aus einem Audi, der auf einem Firmengelände in der Gebhardtstraße abgestellt war, in der Nacht zum Samstag. Die Räder der Marke Dunlop 225/50 R18 waren in den unverschlossenen PKW gelagert. Offenbar entdeckte dies ein Dieb und nutzte die Gelegenheit. Sachdienliche Hinweise nimmt das Polizeirevier in Öhringen unter Tel. 07941/9300 entgegen."
11/23/2013,Öhringen,Öhringen,,Steinsfeldle,Lkw,,,"15,000","  Ein bislang unbekannter Täter entwendete am Samstag gegen 11.40 Uhr von einem Firmengelände in der Straße Steinsfeldle in Öhringen einen weißen Mercedes-Sprinter. Der Unbekannte, der gegenüber dem Firmeninhaber zunächst Interesse an dem zum Verkauf stehenden Transporter bekundete, nutzte dessen kurzzeitige Abwesenheit aus und flüchtete mit dem Fahrzeug im Wert von über 15000 Euro vom Hof des Händlers. An dem Sprinter waren zur Tatzeit die roten Kennzeichen KÜN-06055 angebracht. Die sofort eingeleitete Fahndung der Öhringer Polizei blieb bislang ohne Erfolg."
11/19/2013,Bretzfeld,Bretzfeld,,Moosbachstraße,Traktor,,,"5,000","  Ein komplettes Zaunelement montierten Einbrecher in der Nacht zum Dienstag ab, um auf das Gelände einer Firma für Agrargeräte in der Schwabbacher Moosbachstraße zu gelangen. Anschließend klauten sie aus einem neuen Traktor die Batterie. Aus zwei Transportern wurden verschiedene Werkzeugmaschinen und Werkzeuge im Gesamtwert von rund 5.000 Euro entwendet. Zeugen, die in der Tatnacht etwas Verdächtiges beobachtet haben, sollten sich unter Tel. 07946/940010 beim Polizeiposten Bretzfeld melden."
11/13/2013,Künzelsau,Künzelsau,,Nelkenstraße,Pkw,,,,"  Auf laute Geräusche wurden Anwohner in der Gaisbacher Nelkenstraße am Mittwoch um 4 Uhr aufmerksam. Als sie nach draußen schauten, entdeckten sie zwei Personen, die sich gerade an einem vor dem Wohnhauses abgestellten Mercedes zu schaffen machten. Sie alarmierten sofort die Polizei. Beim Eintreffen der Ordnungshüter hatten die Täter bereits das Weite gesucht. Die Unbekannten hatten die beiden Türen auf der Beifahrerseite des PKW gewaltsam geöffnet und einen  darin abgelegten Geldbeutel, in dem sich etwa 100 Euro, Ausweispapiere und Bankkarten des Geschädigten befanden, entwendet. Damit nicht genug. Dieselben Täter hatten auch noch einen schwarzen Roller im Asternweg geklaut, diesen in Richtung Grundschule geschoben und dort liegen gelassen. Dabei wurde die Frontverkleidung beschädigt. Die Täter durchwühlten das Sitzfach und warfen ein T-Shirt sowie eine Handytasche auf den Boden. Nach derzeitigen Erkenntnissen dürfte sich ein Täter eine blutende Verletzung zugezogen haben. Sachdienliche Hinweise nimmt das Polizeirevier Künzelsau unter Tel. 07940/9400 entgegen."
11/4/2013,Kupferzell,Kupferzell,,,Pkw,,,,"  Einen auf dem P&R-Parkplatz bei Westernach abgestellten Opel Combo brachen Unbekannte in der Nacht zum Montag auf. Offenbar hatten es die Autoknacker auf Werkzeugmaschinen abgesehen, die sie in dem Firmenkleintransporter vermuteten. Sie entwendeten einen vorgefundenen Hilti-Akkuschrauber, einen Hilti-Schlagschrauber, eine Flex der Marke Bosch sowie zwei Wasserwaagen im Gesamtwert von 1.000 Euro. Zeugen, die eine verdächtige Beobachtung gemacht haben, sollten sich unter Tel. 07940/9400 bei der Künzelsauer Polizei melden."
11/24/2013,Region,Region,,Charlottenstraße,Pkw,,,,"Obwohl die Polizei immer wieder betont keine Wertsachen im Auto zurückzulassen werden immer wieder Fahrzeuge genau aus diesem Grund aufgebrochen.
So auch in der Nacht von Samstag, 23.11.2013 auf Sonntag 24.11.2013.
Bisher bekannte Tatorte waren in Heilbronn in der Charlottenstraße und  Viehweide und in Leingarten in der Benzstraße.
Unbekannte Täter zerbrachen auf bisher nicht bekannte Weise die Seitenscheiben der jeweiligen Pkw.
Ziel waren im Beifahrerbereich abgelegte Handtaschen oder Taschen in denen Wertgegenstände vermutet wurden.
Die Taschen samt Inhalt nahmen die Täter mit.
Wie hoch der Sachschaden ist oder was genau entwendet wurde ist noch nicht bekannt."
11/21/2013,Erlenbach,Erlenbach,,Trollingerstraße,Pkw,,,"72,000","Zwei Audis stahlen Unbekannte in der Nacht zum Donnerstag in Erlenbach. In der Trollingerstraße stand der Geschäftswagen eines 46-Jährigen auf einem Autoabstellplatz vor dem Gebäude 36. Als dieser morgens kurz nach 5 Uhr wegfahren wollte, stellte er fest, dass der schwarze Audi A 4 Avant nicht mehr da stand. Das Fahrzeug ist rund 45.000 Euro wert und hat das Kennzeichen NE BU 1966. In der Viertelsteige verschwand ein graue Audi A 5, der vor der Garageneinfahrt des Gebäudes Nummer 47 geparkt war. Dieses Auto eines 27-Jährigen hat das Kennzeichen HN MJ 3112. Der Wert des Wagens wird auf 37.000 Euro geschätzt. Die Polizei geht davon aus, dass ein Zusammenhang zwischen den Taten besteht. Zeugen, die in der Trollingerstraße oder der Viertelsteige verdächtige Beobachtungen gemacht haben oder etwas über den Verbleib der beiden Audis wissen, werden gebeten, sich mit der Kriminalpolizei Heilbronn, Telefon 07131 104-4444, in Verbindung zu setzen. Da sich abzeichnet, dass im laufenden Jahr mit jetzt schon über 40 gestohlenen PKW im Unterland ein Höchstwert angesteuert wird (zum Vergleich: 2012 waren es 26), bittet die Polizei die Bevölkerung um Mitarbeit. Verdächtige Personen und sollten umgehend an die nächste Polizeidienststelle gemeldet werden. Die Kennzeichen von verdächtigen Fahrzeugen sollte man notieren und ebenfalls sofort an die Polizei weitergeben."
11/17/2013,Bad Friedrichsall,Bad Friedrichsall,,Seelachstraße,Pkw,Räder,,,"16 zum Teil neuwertige und auf Felgen montierte Reifen stahlen Unbekannte in der Nacht zum Sonntag in Bad Friedrichshall-Kochendorf. Die Diebe überstiegen einen Maschendrahtzaun, um auf das Gelände der Kfz.-Service-Firma in der Seelachstraße zu gelangen. Wahrscheinlich hoben sie die Reifen über den Zaun und verluden sie dort in ein Fahrzeug oder auf einen Anhänger. Falls es Zeugen gibt, die diese Aktion gesehen haben, aber sie eventuell nicht mit einer Straftat in Verbindung brachten, mögen sich diese beim Polizeiposten Bad Friedrichshall, Telefon 07136 98030, melden."
11/16/2013,Heilbronn,Heilbronn,,Lichtenberger Straße,Pkw,,3,,"Im Laufe der Nacht von Freitag, 15.11.2013 auf Samstag, 16.11.2013,  wurden in Heilbronn bisher 3 aufgebrochene Fahrzeuge bekannt. In der Lichtenberger Straße wurde an einem geparkten Pkw die Scheibe der Beifahrertüre eingeworfen, aus dem Innenraum dann eine Handtasche mit Geldbeutel und diversen Ausweiskarten gestohlen. Bei einem VW UP, der in der Charlottenstraße geparkt war, wurde die hintere rechte Seitenscheibe eingeschlagen und eine Lederjacke daraus entwendet. Ein weiterer aufgebrochener Pkw, VW Polo, wurde durch seinen Besitzer in der Ferdinand-Braun-Straße entdeckt. Auch hier war die hintere Seitenscheibe eingeschlagen und aus dem Fahrzeuginnern eine Handtasche entwendet worden. Der Schaden des Diebesgutes und der angerichtete Sachschaden belaufen sich bei den 3 Fällen auf mehrere hundert Euro."
11/13/2013,Heilbronn,Heilbronn,,Stockportstraße,Pkw,Garage,,"40,000","Rund 30 Einzelgaragen befinden sich in einer Tiefgarage in der Heilbronn-Sontheimer Stockportstraße beim Gebäude 44. In einer davon hatte ein 41-Jähriger seinen 24 Jahre alten Porsche abgestellt. Auf diesen hatten es Diebe abgesehen. Die Unbekannten öffneten in der Zeit zwischen Dienstagnachmittag und Donnerstagmorgen gewaltsam das Tor der Einzelgarage und transportierten den Wagen auf eine unbekannte Weise ab. Der Wagen, der aufgrund diverser Zubehörteile als Sammlerstück gilt, hat einen Wert von über 40.000 Euro. Es handelt sich um einen Porsche Carrera 911-Cabrio. Sowohl die Karosserie als auch das Stoffverdeck sind dunkelblau. Das im Jahr 1988 erstmals zugelassene Fahrzeug hat weiße Ledersitze und einen Heckflügel. Das Kennzeichen lautet HN E 6319. Da die Ausfahrt der Tiefgarage nur 2,20 Meter hoch ist, konnten die Diebe sicherlich nicht mit einem größeren Transporter anfahren. Die Ausfahrt ist ansteigend, so dass der Porsche wohl auch nicht hinaus geschoben werdenkonnte. Deshalb hofft die Polizei, dass andere Garagenbenutzer die Verladeaktion beobachtet haben, sie aber nicht mit einer Straftat in Verbindung brachten. Diese und Zeugen, die Hinweise auf den Verbleib des Fahrzeugs geben können, werden gebeten, sich mit der Kriminalpolizei Heilbronn, Telefon 07131 104-4444, in Verbindung zu setzen."
11/14/2013,Flein,Flein,,Sontheimer Straße,Pkw,,9,"15,000","Bislang neun Anzeigen wurden am Morgen bei der Untergruppenbacher Polizei erstattet, bei denen Unbekannte in der Nacht zum Donnerstag an mehreren Cabrios die Verdecke aufgeschnitten und aus diesen teilweise Gegenstände entwendet hatten. Die bislang unbekannten Täter gelangten auf noch nicht bekannte Art in die Tiefgaragen verschiedener Mehrfamilienhäuser in der  Sontheimer Straße und Talheimer Straße, der Schillerstraße sowie  in den Hofwiesen und schnitten dort die Verdecke auf. Aus manchen Fahrzeugen wurden Gegenstände, die teilweise nur minimalen Wert haben, entwendet. Aus anderen Pkw nahmen die Langfinger nichts mit. Der Sachschaden beläuft sich nach Schätzungen der Polizei auf etwa 15.000 Euro. Möglicherweise besteht ein Tatzusammenhang mit ähnlichen Vorfällen, die sich in den vergangenen Nächten in Heilbronn zugetragen haben. Personen, die verdächtige Wahrnehmungen gemacht haben werden gebeten, sich mit der Polizei in Untergruppenbach unter 07131/64463-0, in Verbindung zu setzen."
11/12/2013,Beilstein,Beilstein,,,Pkw,,10,,"Die Serie von PKW-Aufbrüchen geht weiter. In Beilstein wurden in vergangenen Tagen insgesamt zehn Taten angezeigt. Bei sieben war es allerdings bei einem Versuch geblieben. Die Täter hatten es insbesondere auf im Fahrzeug liegende Gegenstände abgesehen.
"
11/12/2013,Eppingen,Eppingen,,Entengasse,Pkw,,,,In Eppingen-Kleingartach parkte eine 55-Jährige ihren Toyota am Montagabend in der Entengasse. Als sie am Dienstagmorgen zurückkam war die Scheibe der Fahrertüre eingeschlagen. Aus dem Wagen stahlen die Automarder ein mobiles Navigationsgerät. In derselben Nacht montierten Unbekannte an einem in der Großen Hohle in Schluchtern stehenden BMW die roten Kennzeichen ab.
,Heilbronn,Heilbronn,,Gartenstraße,Pkw,Garage,5,,"In Heilbronn waren wie schon am Wochenende auch in den Nächten zum Montag und zum Dienstag die Autoaufbrecher unterwegs, die sich offensichtlich auf Tiefgaragen „spezialisiert“ haben. In der Gartenstraße waren sie am frühen Montagmorgen, kurz nach 3 Uhr, gerade dabei das Rolltor einer Tiefgarage aufzuhebeln, als ein Hausbewohner zufällig vorbei kam. Die Unbekannten flüchteten unerkannt. In der Max-Planck-Straße gelang der Einbruch in eine Tiefgarage in der Nacht zum Dienstag. Dort schlitzten die Langfinger an zwei Cabrios das Verdeck auf. Es gelang ihnen jedoch nur bei einem der Fahrzeuge, ins Innere zu kommen. Dort fanden sie immerhin zwei Euro Bargeld. Der angerichtete Sachschaden liegt weit im vierstelligen Bereich. In einer anderen Tiefgarage in derselben Straße schnitten sie das Faltdach eines VW Golf-Cabrio auf. Entwendet wurde nichts. Auch in der Agnese-Schebest-Straße waren zwei Cabrios das Ziel der Aufschlitzer, nachdem sie das Tor der Tiefgarage aufgebrochen hatten. Am Jörg-Rathgeb-Platz kam ein Renault Twingo-Cabrio unter das Messer der Unbekannten. Auch hier entstand ein hoher Schaden, gestohlen wurde nichts.

Die Kriminalpolizei geht davon aus, dass die Täter weiterhin unterwegs sein werden und bittet die Anwohner von Tiefgaragen, wachsam zu sein und verdächtige Personen oder Fahrzeuge umgehend der nächsten Polizeidienststelle, auch über den Notruf 110, zu melden."
,,#WERT!,,#WERT!,,,,,
,,#WERT!,,#WERT!,,,,,
11/12/2013,Region,Region,,,Motorräder,Garage,5,,"Bereits fünf teure Motorräder stahlen Unbekannte in den vergangenen Wochen in Heilbronn, Neckarsulm, Bad Friedrichshall und Beilstein. Viermal standen die italienischen oder japanischen Maschinen in einer Tiefgarage, einmal unter einem Carport. Die Ermittler der Kriminalpolizei Heilbronn gehen davon aus, dass die Tiefgaragen zunächst ausbaldowert werden. Nachts brechen die Unbekannten dann die Rolltore auf und fahren mit ihrem Transportfahrzeug bis zum auserwählten Motorrad. Da diese alle mit dem Lenkradschloss gesichert waren und zum Teil bis 300 Kilogramm schwer sind, waren sicherlich mindestens zwei Täter am Werk. Möglich ist auch, dass sich die Diebe zumindest zum Teil an Verkaufsinseraten orientieren. In einem Fall fiel einem Zeugen ein dunkler Kastenwagen auf, der eventuell als Transportfahrzeug benutzt wurde. Da nicht ausgeschlossen wird, dass der eine oder andere Tiefgaragenaufbruch misslang und deshalb nicht angezeigt wurde, aber Videoaufzeichnungen bestehen, wird gebeten, der Kripo diese Aufzeichnungen zukommen zu lassen. Bei verdächtigen Beobachtungen vor und in Tiefgaragen sollten umgehend die nächste Polizeidienststelle, auch über den Notruf 110, verständigt werden. Zeugenhinweise gehen an die Kriminalpolizei Heilbronn, Telefon 07131 104-4444."
11/10/2013,Heilbronn,Heilbronn,,Theresienstraße,Pkw,,,,"Zu zahlreichen aufgebrochenen Fahrzeugen wurde die Unterländer Polizei am vergangenen Wochenende gerufen. In Heilbronn stellte eine 54-Jährige ihren PKW um 18 Uhr in der Theresienstraße ab. Als sie um 22:30 Uhr zurückkehrte war die Scheibe der Beifahrertüre eingeschlagen und die im Fahrzeug zurückgelassene Handtasche samt Inhalt fehlte. In der Haller Straße schlitzten Diebe an vier Cabrios das Verdeck auf, um in die Fahrzeug zu gelangen. Der Wert der Beute liegt weit unter dem angerichteten Schaden, der mit mehreren Tausend Euro beziffert wurde. "
11/10/2013,Heilbronn,Heilbronn,,Rauchstraße,Pkw,,,,"Zu zahlreichen aufgebrochenen Fahrzeugen wurde die Unterländer Polizei am vergangenen Wochenende gerufen. Auch in einer Tiefgarage in der Heilbronner Rauchstraße hatten es die Langfinger auf Cabrios abgesehen. An einem Mazda schlitzten sie das Verdeck auf, an einem Fiat reichte ihnen ein nicht vollständig geschlossenes Fenster. In das Verdeck eines Porsches wurde eingestochen, eindringen ins Innere des Wagens konnten die Täter jedoch nicht.

"
11/10/2013,Güglingen,Güglingen,,Tannenstraße,Pkw,,,,In Güglingen brachten Unbekannte an einem in der Tannenstraße stehenden VW-Bus mit einem Werkzeug eine Fensterscheibe zum Bersten. Aus dem Handschuhfach ließen sie ein Navigationsgerät mitgehen.
11/10/2013,Möckmühl,Möckmühl,,Unteren Gasse,Pkw,,,," In Möckmühl brachen Täter einen Mercedes auf, der im Parkhaus in der Unteren Gasse abgestellt war. Auch aus diesem Auto wurde ein Navigationsgerät gestohlen. Außerdem rissen die Diebe den Mercedesstern ab, schlugen den Scheinwerfer ein und traten Dellen in den Kotflügel sowie die Fahrertüre.
"
11/10/2013, Bad Rappenau,Bad Rappenau,,Kärlegartenstraße,Pkw,,,,"In der Bad Rappenauer Kärlegartenstraße schlugen Unbekannte mit einem Stein die Scheibe eines VW Golf ein. Aus einer Geldbörse, die auf dem Beifahrersitz vergessen worden war, nahmen sie das Bargeld heraus und legten den Geldbeutel wieder auf den Sitz."
11/10/2013,Neckarsulm,Neckarsulm,,,Pkw,,,,"Auch in Neckarsulm-Amorbach waren mehrere Autos Ziel von Aufbrechern. Mindestens sechs Fahrzeuge wurden aufgebrochen. Die Diebe hatten es insbesondere auf im Fahrzeug liegende Gegenstände und auf Navigationsgeräte abgesehen. Es wurden aber auch mehrere Airbags ausgebaut.

Die Polizei geht davon aus, dass verschiedene Tätergruppen unabhängig voneinander unterwegs waren und hofft, dass es Zeugen gibt, die Hinweise an die jeweils zuständige Dienststelle geben können. Außerdem weist die Kriminalprävention der Heilbronner Polizeidirektion ausdrücklich darauf hin, dass offen im Fahrzeug liegende Gegenstände wie Handtaschen, Lederbeutel, Geldbeutel oder mobile Navigationsgeräte Autoaufbrecher regelrecht zu einem Aufbruch auffordern."
11/10/2013,Neckarsulm,Neckarsulm,,,Pkw,,,,"Auch in Neckarsulm-Amorbach waren mehrere Autos Ziel von Aufbrechern. Mindestens sechs Fahrzeuge wurden aufgebrochen. Die Diebe hatten es insbesondere auf im Fahrzeug liegende Gegenstände und auf Navigationsgeräte abgesehen. Es wurden aber auch mehrere Airbags ausgebaut.

Die Polizei geht davon aus, dass verschiedene Tätergruppen unabhängig voneinander unterwegs waren und hofft, dass es Zeugen gibt, die Hinweise an die jeweils zuständige Dienststelle geben können. Außerdem weist die Kriminalprävention der Heilbronner Polizeidirektion ausdrücklich darauf hin, dass offen im Fahrzeug liegende Gegenstände wie Handtaschen, Lederbeutel, Geldbeutel oder mobile Navigationsgeräte Autoaufbrecher regelrecht zu einem Aufbruch auffordern."
11/10/2013,Neckarsulm,Neckarsulm,,,Pkw,,,,"Auch in Neckarsulm-Amorbach waren mehrere Autos Ziel von Aufbrechern. Mindestens sechs Fahrzeuge wurden aufgebrochen. Die Diebe hatten es insbesondere auf im Fahrzeug liegende Gegenstände und auf Navigationsgeräte abgesehen. Es wurden aber auch mehrere Airbags ausgebaut.

Die Polizei geht davon aus, dass verschiedene Tätergruppen unabhängig voneinander unterwegs waren und hofft, dass es Zeugen gibt, die Hinweise an die jeweils zuständige Dienststelle geben können. Außerdem weist die Kriminalprävention der Heilbronner Polizeidirektion ausdrücklich darauf hin, dass offen im Fahrzeug liegende Gegenstände wie Handtaschen, Lederbeutel, Geldbeutel oder mobile Navigationsgeräte Autoaufbrecher regelrecht zu einem Aufbruch auffordern."
11/10/2013,Neckarsulm,Neckarsulm,,,Pkw,,,,"Auch in Neckarsulm-Amorbach waren mehrere Autos Ziel von Aufbrechern. Mindestens sechs Fahrzeuge wurden aufgebrochen. Die Diebe hatten es insbesondere auf im Fahrzeug liegende Gegenstände und auf Navigationsgeräte abgesehen. Es wurden aber auch mehrere Airbags ausgebaut.

Die Polizei geht davon aus, dass verschiedene Tätergruppen unabhängig voneinander unterwegs waren und hofft, dass es Zeugen gibt, die Hinweise an die jeweils zuständige Dienststelle geben können. Außerdem weist die Kriminalprävention der Heilbronner Polizeidirektion ausdrücklich darauf hin, dass offen im Fahrzeug liegende Gegenstände wie Handtaschen, Lederbeutel, Geldbeutel oder mobile Navigationsgeräte Autoaufbrecher regelrecht zu einem Aufbruch auffordern."
11/10/2013,Neckarsulm,Neckarsulm,,,Pkw,,,,"Auch in Neckarsulm-Amorbach waren mehrere Autos Ziel von Aufbrechern. Mindestens sechs Fahrzeuge wurden aufgebrochen. Die Diebe hatten es insbesondere auf im Fahrzeug liegende Gegenstände und auf Navigationsgeräte abgesehen. Es wurden aber auch mehrere Airbags ausgebaut.

Die Polizei geht davon aus, dass verschiedene Tätergruppen unabhängig voneinander unterwegs waren und hofft, dass es Zeugen gibt, die Hinweise an die jeweils zuständige Dienststelle geben können. Außerdem weist die Kriminalprävention der Heilbronner Polizeidirektion ausdrücklich darauf hin, dass offen im Fahrzeug liegende Gegenstände wie Handtaschen, Lederbeutel, Geldbeutel oder mobile Navigationsgeräte Autoaufbrecher regelrecht zu einem Aufbruch auffordern."
11/10/2013,Neckarsulm,Neckarsulm,,,Pkw,,,,"Auch in Neckarsulm-Amorbach waren mehrere Autos Ziel von Aufbrechern. Mindestens sechs Fahrzeuge wurden aufgebrochen. Die Diebe hatten es insbesondere auf im Fahrzeug liegende Gegenstände und auf Navigationsgeräte abgesehen. Es wurden aber auch mehrere Airbags ausgebaut.

Die Polizei geht davon aus, dass verschiedene Tätergruppen unabhängig voneinander unterwegs waren und hofft, dass es Zeugen gibt, die Hinweise an die jeweils zuständige Dienststelle geben können. Außerdem weist die Kriminalprävention der Heilbronner Polizeidirektion ausdrücklich darauf hin, dass offen im Fahrzeug liegende Gegenstände wie Handtaschen, Lederbeutel, Geldbeutel oder mobile Navigationsgeräte Autoaufbrecher regelrecht zu einem Aufbruch auffordern."
11/7/2013,Untereisesheim,Untereisesheim,,Donnerstag,Pkw,,8,,"In mindestens acht PKW drang ein Unbekannter in der Nacht zum Donnerstag in Untereisesheim ein. Wie schon in Bad Friedrichshall und Oedheim fiel auch in diesen Fällen auf, dass der Täter nur wenig Schaden anrichtete. Ob er sich Fahrzeuge aussucht, die nicht verschlossen sind oder ob er eine besondere Art des Öffnens beherrscht, ist bislang unklar. Falls es sich um denselben Unbekannten handelt wie in den anderen Orten, gehen inzwischen fast 40 PKW-Aufbrüche auf sein Konto. Interessant für die Polizei ist die Tatsache, dass der Täter immer wieder teure Gegenstände oder sogar Bargeld in den Fahrzeugen findet. Die Kriminalpolizei Heilbronn schließt nicht aus, dass der Aufbrecher sein „Tätigkeitsgebiet“ ausweitet und auch in weiteren Orten sein Unwesen treiben könnte. Zur Ermittlung des Langfingers ist die Mitarbeit der Bevölkerung ungemein wichtig. Falls irgendwo Personen gesehen werden, die offensichtlich etwas ausspähen oder nachts verdächtige Unbekannte und Fahrzeuge in ihrem Wohnbereich auffallen, wird gebeten, sich Kennzeichen zu notieren und unverzüglich die nächste Polizeidienststelle, auch über den Notruf 110, zu verständigen. Wer konkrete Hinweise zu einem der aktuellen PKW-Aufbrüche geben kann, möge sich mit der Kripo Heilbronn, Telefon 07131 104-4444, in Verbindung zu setzen."
11/7/2013,Abstatt,Abstatt,,Schozachstraße,Pkw,,3,"25,000","Auf PKW der Marke BMW hatten es Unbekannte in der Nacht zum Donnerstag in der Abstatter Schozachstraße abgesehen. Sie stahlen einen 3er BMW im Wert von 25.000 Euro. In der Roßschinderstraße war am Morgen des Donnerstags ein auf einem Privatparkplatz abgestellter 1er verschwunden. Der 3er konnte noch am Donnerstag in Polen geortet werden. Als die dortige Polizei an dem durchgegebenen Ort eintraf, fanden die Beamten jedoch nicht dieses Fahrzeug, sondern den 1er BMW. Der größere Wagen blieb verschwunden.

Im Zusammenhang mit anderen PKW-Diebstählen, die insbesondere die Marken BMW und Audi betrafen, ergaben die Ermittlungen der Kriminalpolizei Heilbronn, dass Zeugen vor dem Entwenden eines Audi RS4 in Neuenstadt einen am späteren Tatort langsam vorbei fahrenden schwarzen Audi Avant mit einem polnischen Kennzeichen gesehen hatte. Die beiden Insassen hatten sich den später gestohlenen Wagen offenbar genau angesehen. An der gleichen Stelle wurde kurze Zeit später ein dunkler Mercedes E-Klasse gesehen. Auch die beiden Insassen dieses Autos schauten sich das Fahrzeug an.

Die Kriminalpolizei schließt nicht aus, dass die Täter stets auf dieselbe Weise vorgehen und bittet deshalb Zeugen, die ein verdächtiges Fahrzeug sehen, das Kennzeichen aufzuschreiben und umgehend die Polizei zu verständigen."
11/3/2013,Beilstein,Beilstein,,Sonntag,Pkw,,6,"6,000","PKW-Aufbrecher waren in der Nacht zum Sonntag in Beilstein unterwegs. An mindestens sechs geparkten PKW schlugen die Unbekannten die Scheiben ein oder wuchteten die Türen auf, um ins Innere zu gelangen. Die Täter erbeuteten verschiedene Gegenstände aus den Fahrzeugen, der entstandene Sachschaden wird von der Polizei auf rund 6.000 Euro geschätzt. Hinweise auf die Automarder haben die Ermittler keine."
11/3/2013,Bad Friedrichshall,Bad Friedrichshall,,Resedenweg,Pkw,,,,"Einen lauten Schlag hörte der Besitzer eines PKW am Sonntagnachmittag, kurz nach 15 Uhr, im Bad Friedrichshaller Resedenweg. Als er aus dem Fenster schaute, sah er zwei junge Männer wegrennen. Die beiden Unbekannten hatten offensichtlich mit einem Stein beide Scheiben am Fahrzeug des Kochendorfers eingeschlagen und eine im Innern liegende Handtasche gestohlen. Einer des Duos wird auf 25 Jahre geschätzt, ist etwa 1,90 Meter groß und soll auffallend schlank sein. Sein Komplize ist unter 20 Jahre alt und nur 1,60 bis 1,65 Meter groß. Er hat eine normale Statur, ist eventuell Südländer, hat ein rundes Gesicht und zur Tatzeit einen leichten Bartwuchs. Ob diese Tat im Zusammenhang steht mit inzwischen über 30 PKW-Aufbrüchen in Bad Friedrichshall in den vergangenen Wochen, ist unklar. Zeugen werden gebeten, sich mit der Kriminalpolizei Heilbronn, Telefon 07131 104-4444, in Verbindung zu setzen."
11/3/2013,Beilstein,Beilstein,,Hauptstraße,Pkw,,6,,"In der Nacht von Samstag, 02.11.2013 auf Sonntag, 03.11.2013, wurden in der Stadt Beilstein mehrere Fahrzeuge Angriffspunkt von Beschädigungen und Diebstählen aus den Pkw. An einem Pkw waren mutwillig zwei Reifen zerstochen worden, an einem weiteren ein Kennzeichen mitgenommen. An bisher mindestens 5 bekannt gewordenen Fahrzeugen im Bereich der Hauptstraße, Schmidhausener Straße und Gartenstraße wurden die Scheiben eingeschlagen. Teilweise wurde ein weniges an Bargeld oder auch ein Navigationsgerät aus dem Pkw entwendet. Die Höhe des Gesamtschadens lässt sich noch nicht genau beziffern. Anwohner oder Passanten, die in der Nacht etwas Verdächtiges wahrgenommen haben, werden gebeten sich Telefonisch mit dem Polizeirevier Weinsberg, 07134/9920, in Verbindung zu setzen."
12/13/2013,Heilbronn,Heilbronn,,,Pkw,,,,"Am Freitag, 13.12.2013 zwischen 12.45 Uhr – 13.55 Uhr brachen Unbekannte einen Opel Corsa auf dem Parkplatz des Westfriedhofes auf.
Hierbei versuchten sie die Fensterscheibe an der Fahrertüre aufzuhebeln, die jedoch hierbei zu Bruch ging.
Der oder die Täter gelangten daraufhin ins Wageninnere und entwendeten daraus die Handtasche der Geschädigten. In der Handtasche befanden sich Bargeld und diverse Papiere. Sachdienliche Hinweise nimmt das Polizeirevier Böckingen unter Telefon 07131/204060 entgegen.   "
12/10/2013,Crailsheim,Crailsheim,,Willy-Brandt-Straße,Pkw,,7,"20,000"," Diebe suchten in der Nacht zum Dienstag zwei Autohäuser in der Willy-Brandt-Straße und in der Ludwig-Erhard-Straße heim. Sie bockten insgesamt sieben Autos auf und setzten sie dann auf Steinen ab. Jetzt fehlen 28 Kompletträder im Wert von rund 20 000 Euro. Wer in der Nacht zum Dienstag im Bereich der beiden Tatorte verdächtige Personen oder Fahrzeuge beobachtet hat, möchte sich bitte bei der Polizei in Crailsheim (Telefon 07951 / 4800) melden.   "
12/8/2013,Schwäbisch Hall,Schwäbisch Hall,,Hallweg,Pkw,,,,Im Hallweg in Sulzdorf warf am Donnerstag ein Unbekannter eine Seitenscheibe eines abgestellten Seat ein. Der Autoknacker nahm eine Handtasche mit Bargeld und verschiedenen Papieren mit. Die Tat wurde in der Zeit zwischen 10 Uhr und 11.30 Uhr verübt.
11/27/2013,Ilshofen,Ilshofen,,Gartenstraße,Pkw,,,," Auf dem Parkplatz der Großsporthalle in der Gartenstraße schlug am Mittwoch in der Zeit zwischen 16 Uhr und 18 Uhr ein Unbekannter an einem Mercedes eine Seitenscheibe ein. Der Täter griff in das Fahrzeuginnere und entwendete aus der Türablage einen Geldbeutel. Dem Autoknacker fielen Bargeld, Ausweise, eine EC- und eine Kreditkarte in die Hände. Der entstandene Sachschaden beläuft sich auf 550 Euro. Der Polizeiposten Ilshofen, Telefon 07904/940030, suchte Zeugen. Zur Tatzeit fand in der Großsporthalle ein Training statt."
11/6/2013,Neuenstein,Neuenstein,,,Lkw,A6,,, Ein Ersatzrad eines Sattelzuges entwendete in der Nacht zum Mittwoch ein Unbekannter. Der Sattelzug war auf der Rastanlage Hohenlohe Nord neben der A 6 abgestellt. Das Rad hat einen Wert von 800 Euro und war mit einem Bügelschoss besonders gesichert.
11/7/2013,Öhringen,Öhringen,,,Lkw,"A6, Diesel",,, Unbekannte knackten in der Nacht zum Donnerstag das Tankdeckelschloss eines Lasters. Jetzt fehlen rund 200 Liter Diesel. Der Laster stand auf einem Autobahnparkplatz zwischen Öhringen und Bretzfeld.   
11/8/2013,Kirchberg,Kirchberg,,,Lkw,A6,,800, Unbekannte Täter schlitzten auf einem Parkplatz im Seefeld die Plane eines geparkten bulgarischen Lkw auf und stahlen mehrere Kartons mit kosmetischen Erzeugnissen. Der Gesamtschaden beträgt 800 €.  
11/9/2013,Schnelldorf,Schnelldorf,,,Lkw,"A6, Diesel",,, Auf dem Parkplatz Rothensteig entwendeten unbekannte Täter aus dem Tank eines Sattelzuges mit deutscher Zulassung mehrere hundert Liter Diesel. Der Fahrer hatte zur Tatzeit in seinem Fahrzeug geschlafen und dies nicht bemerkt.
11/9/2013,Braunsbach,Braunsbach,,,Lkw,"A6, Diesel",,," Auf Gemarkung Braunsbach, Kochertalparkplatz öffneten sie den Tankdeckel eines spanischen Sattelzugs, während der Fahrer schlief, und entwendeten aus beiden Tanks mehrere hundert Liter Diesel."
11/9/2013,Öhringen,Öhringen,,,Lkw,"A6, Diesel",,," Auf dem Parkplatz zwischen den Anschlussstellen Neuenstein und Öhringen entwendeten sie von einem spanischen Sattelzug, Marke Volvo, aus dem Tank mehrere hundert Liter Diesel. Vermutlich wurde hierzu eine Pumpe verwendet, da der Tankdeckel aufgestochen war."
11/10/2013,Kirchberg/Jagst,Kirchberg,,,Lkw,"A6, Diesel",,,Rund 600 Liter Diesel aus den Tanks eines Sattelzuges entwendete über das Wochenende ein Unbekannter. Der Sattelzug war auf der Rastanlage ‚Im Seefeld‘ abgestellt. Von dem Täter fehlt jede Spur.
11/1/2013,Crailsheim,Crailsheim,,,Lkw,"A6, Diesel",,,In der Nacht zum Freitag zapften unbekannte Täter auf dem Parkplatz Reußenberg den Kraftstoff eines Lkw ab. Insgesamt wurden etwa 550 Liter Diesel entwendet.
12/4/2013,Mundelsheim,Mundelsheim,,,Pkw,,,,"Bislang unbekannte Täter schlugen im Zeitraum zwischen Sonntag und Mittwoch die Scheibe der Fahrertür an einem auf dem P&R Parkplatz an der Anschlussstelle Mundelsheim geparkten VW Golf ein, gelangten so in das Fahrzeuginnere und suchten nach Stehlenswertem. Ob etwas entwendet wurde steht noch nicht fest. Der angerichtete Sachschaden wurde mit etwa 300 Euro angegeben."
12/1/2013,Asperg,Asperg,,Zeppelinstraße,Bagger,Diesel,,320,"Aus einem auf einer Baustelle in der Zeppelinstraße abgestellten Baustellenbagger zapfte ein bislang unbekannter Täter über das Wochenende 200 Liter Dieseltreibstoff im Wert von etwa 270 Euro ab. Den verschlossenen Tankdeckel hebelte der Dieb kurzerhand auf und bediente sich. Am Bagger enstand ein Sachschaden in Höhe von etwa 50 Euro. Hinweise nimmt der Polizeiposten Asperg, Telefon 07141/62033, entgegen."
11/27/2013,Freiberg/Neckar,Freiberg,,Mundelsheimer Straße,Pkw,,,400,"Mutmaßlich Bekleidung stand im Interesse eines unbekannten Diebes, der am Mittwoch in der Zeit zwischen 17.00 Uhr und 18.00 Uhr einen Daimler-Benz aufbrach, der auf dem Wanderparkplatz der Mundelsheimer Straße stand. Um in das Fahrzeuginnere zu gelangen, warf der Täter die hintere rechte Scheibe ein und entwendete Kleidung und Accessoires im Wert von etwa 200 Euro. Der entstandene Sachschaden wurde mit ungefähr 200 Euro angegeben. Zeugen des Vorfalls werden gebeten sich beim Polizeirevier Marbach am Neckar, Tel. 07144/900-0 zu melden."
11/20/2013,Rutesheim,Rutesheim,,,Lkw,"A8, Diesel",,,"Besonders dreist ging ein Dieb in der Nacht von Dienstag 19.00 Uhr auf Mittwoch 06.30 Uhr vor, als er etwa 400 Liter Dieselkraftstoff aus einer Sattelzugmaschine absaugte, während der Fahrer in der Kabine schlief. Um an das Benzin zu gelangen, musste der Täter an dem Fahrzeug, das auf dem Parkplatz Höllberg stand, den Tankdeckel aufbrechen."
12/17/2013,Schwaigern,Schwaigern,,,Pkw,,,,"Einen doppelten Schaden verursachten am Dienstagnachmittag, in der Zeit zwischen 15.30 Uhr bis 16.00 Uhr, unbekannte Täter auf einem Waldparkplatz beim Friedwald zwischen Schwaigern und Gemmingen. Sie schlugen die Fensterscheiben von zwei geparkten Autos auf und entwendeten die auf den vorderen Sitzplätzen zurück gelassenen Handtaschen. Die Besitzer haben dadurch doppelten Schaden. Die geklauten Gegenstände, darunter ein Handy, Bargeld und diverse persönliche Papiere sowie der Schaden von jeweils etwa 500 Euro an den Fahrzeugen selbst."
12/21/2013,Heilbronn,Heilbronn,,Salzstraße,Pkw,,,,"Nachdem am Sonntagmorgen ein mit Backwaren beladener Pkw in Heilbronn gestohlen worden war, wurde von der Geschäftsleitung eines Brötchen-bring-Dienstes eine Belohnung in Höhe von 500 Euro ausgesetzt, die zur Ermittlung oder Ergreifung der Täter führen. Gegen 5 Uhr war der dunkelblaue Fiat Cinquecento im Hofraum einer Bäckerei in der Salzstraße geparkt. Angestellte der Bäckerei waren gerade dabei, das Fahrzeug zu beladen, als ihnen zwei junge Frauen auffielen, die im Bereich einer nahegelegenen Diskothek standen. Die beiden nutzten offensichtlich einen Moment aus, in dem die Angestellten weitere Waren aus der Bäckerei holten, stiegen in den Fiat ein und fuhren in Richtung Goppeltstraße davon. Der Fahrzeugschlüssel steckte zu diesem Zeitpunkt. Bislang fehlt noch jede Spur von dem Cinquecento mit Kennzeichen HN-CV 247. Zeugen werden gebeten, sich bei der Heilbronner Polizei unter Telefon 07131/104-2500 zu melden."
12/18/2013,Öhringen,Öhringen,,,Lkw,"A6, Diesel",3,,"  Nach Spritdieben fahndete eine Zivilstreife der Schwäbisch Haller Verkehrspolizei in der Nacht zum Mittwoch auf der Autobahn 6. Dabei fielen den Beamten zwei Lastzüge mit rumänischen Kennzeichen auf, deren Fahrer die gezielt die Parkplätze entlang der Autobahn ansteuerten und offensichtlich auf der Suche nach Beute waren. Auf einem Parkplatz bei Öhringen stoppten sie. Danach machten sich die insgesamt fünf Verdächtigen zunächst an dem Tank eines dort geparkten slowakischen Sattelzugs zu schaffen. Die Polizisten konnten weiter beobachten, wie die Täter dann die Tanks von zwei weiteren LKW angingen. Nachdem die Ordnungshüter Verstärkung beim Öhringer Polizeirevier angefordert hatten, wurden die fünf tatverdächtigen Rumänen im Alter zwischen 24 und 49 Jahren festgenommen und der Künzelsauer Kriminalpolizei übergeben. Die Ermittlungen dauern noch an."
12/19/2013,Waldenburg,Waldenburg,,Max-Eyth-Straße,Lkw,Diesel,,,  Unbekannte Spritdiebe machten sich am Donnerstag zwischen 17 und 23.30 Uhr beim Lidl-Zentrallager in der Max-Eyth-Straße an den Tanks von zwei dort abgestellten Sattelzügen zu schaffen. Die Täter schläuchelten etwa 750 Liter Diesel ab und verschwanden mit ihrer Beute. Sachdienliche Hinweise nimmt das Polizeirevier Öhringen unter Tel. 07941/9300 entgegen.
12/25/2013,Waldenburg,Waldenburg,,wurden,Pkw,,,,"  Im Zeitraum zwischen Dienstag und Mittwoch wurden in Waldenburg-Tommelhardt einem 23-jährigen Mann vier Lautsprecherboxen aus dem unverschlossenen Auto entwendet. Vorausgegangen war dem Diebstahl die Trennung von seiner Freundin, die tags zuvor mit Freunden aus dem genannten Fahrzeug, in Abwesenheit des Besitzers, persönliche Gegenstände abholte. Bei einem ihrer Begleiter konnte schließlich auch eine der Boxen aufgefunden werden. Der Verbleib der drei anderen Lautsprecher ist nicht bekannt. Die Polizei Öhringen ermittelt."
12/19/2013,Crailsheim,Crailsheim,,,Lkw,A6,,,"Unbekannte schlitzten in der Nacht zum Donnerstag zwischen 2 und 3 Uhr die Plane eines Lasters auf. Der Laster stand auf dem Autobahnparkplatz Reußenberg. Erbeutet wurden Kehrmaschinen. Insgesamt addiert sich der Schaden auf rund 1000 Euro.  
"
12/19/2013,Neuenstein,Neuenstein,,,Lkw,A6,,,In der Zeit von Mittwoch (14.50 Uhr) bis Donnerstag (2.50 Uhr) schlitzten Unbekannte die Plane eines Lasters auf der Autobahnrastanlage Hohenlohe auf. Jetzt fehlen zwei Kleidungsstücke von geringem Wert. Der angerichtete Sachschaden schlägt mit 500 Euro zu Buche.
12/19/2013,Crailsheim,Crailsheim,,,Lkw,A6,,, Unbekannte schlitzen in der Nacht zum Donnerstag die Plane eines Lasters auf. Der Laster stand auf dem Autobahnrasthof Reußenberg. Nach dem derzeitigen Ermittlungsstand haben die Planenschlitzer Zigaretten im Wert von rund 2000 Euro erbeutet.
12/20/2013,Schwäbisch Hall,Schwäbisch Hall,,,Pkw,,,,In der Nacht von Freitag auf Samstag schlugen Unbekannte die Heckscheibe eines BMW in der Straße Pfauäcker ein. Es entstand Schaden von 500 €. Zeugen des Vorfalls werden gebeten sich mit dem Polizeirevier Schwäbisch Hall in Verbindung zu setzen.
12/19/2013,Tamm,Tamm,,Esslinger Straße,Pkw,,,,"Auf professionelle Art und Weise gingen bislang unbekannte Täter vor, die in der Nacht von Mittwoch 19:00 Uhr auf Donnerstag 05:30 Uhr mehrere Fahrzeuge heimsuchten, indem sie sich durch Einschlagen des hinteren Dreiecksfensters Zutritt in das jeweilige Wageninnere verschafften. Bei einem in der Esslinger Straße geparkten BMW hebelten sie anschließend gewaltsam das Armaturenbrett auf und entwendeten das eingebaute Navigationsgerät im Wert von ungefähr 4.000 Euro. Zudem ließen sie ein iPhone und eine Geldbörse aus dem Innenraum mitgehen, die mehrere Hundert Euro Bargeld sowie Scheckkarten und Ausweise enthielt. Der Wagen wurde durch die Tat so schwer beschädigt, dass er nicht mehr fahrbereit war und abgeschleppt werden musste. Die Höhe des entstandenen Schadens konnte noch nicht beziffert werden.
Darüber hinaus brachen sie einen in der gleichen Straße parkenden weiteren BMW auf die gleiche Art und Weise auf, wobei sie aus diesem Fahrzeug vermutlich nichts entwendeten. Über den entstandenen Sachschaden liegen bislang keine Erkenntnisse vor. Weshalb die Täter von ihrem Vorhaben an diesem Wagen abließen, ist nicht bekannt.
Außerdem gelangten sie in der Zeit zwischen Mittwoch 21:00 Uhr und Donnerstag 07:45 Uhr ebenfalls durch den Aufbruch des Dreiecksfensters in den Fahrzeuginnenraum eines Mercedes-Benz, der auf einem Abstellplatz in der Reutlinger Straße parkte. Sie bauten den vollständigen Bordcomputer im Wert von über 5.000 Euro aus und entwendeten diesen, indem sie das Armaturenbrett in mehrere Teile zerlegten. Zudem bemächtigten sie sich eines Geldbeutels, der in der Mittelkonsole lag und einen geringen Bargeldbetrag enthielt. Der entstandene Sachschaden am Fahrzeug wurde mit etwa 2.000 Euro angegeben.
Der Polizeiposten Tamm bittet Zeugen sich unter Tel. 07141/601014 zu melden oder das Polizeirevier Kornwestheim unter Tel. 07154/1313-0 zu verständigen."
12/19/2013,Kornwestheim,Kornwestheim,,Lembergstraße,Pkw,,,,"Indem er eine Dreiecksscheibe auf der Fahrerseite eines Opel Omega einschlug, gelangte ein unbekannter Täter in der Zeit zwischen Dienstag und Donnerstag in das Fahrzeuginnere und entnahm mehrere Jacken und Westen im Wert von etwa 400 Euro. Der Wagen parkte in dieser Zeit in der Lembergstraße. Die Höhe des entstandenen Schadens konnte bislang nicht beziffert werden."
12/30/2013,Neuenstein,Neuenstein,,,Lkw,,,500,Unbekannte Täter entwendeten in der Nacht von Sonntag auf Montag auf einer Rastanlage der Autobahn 6 die Seitenverkleidung eines Lkws. Der Schaden beläuft sich auf ca. 500 Euro.
1/7/2014,Heilbronn,Heilbronn,,Wollhausstraße,Pkw,Garage,2,,"Bislang unbekannte Täter brachen im Zeitraum vom 04.01.-07.01.2014 in einer Tiefgarage einer Wohnanlage in der Heilbronner Wollhausstraße zwei PKW auf und durchsuchten diese nach Beute. Wie die Täter in die Tiefgarage gelangten, und ob etwas entwendet wurde, ist bislang noch unklar. Es entstand ein Sachschaden in Höhe von circa 1500 Euro. Sachdienliche Hinweise nimmt das Polizeirevier Heilbronn unter der Nummer 07131 104 2500 entgegen."
12/30/2013,Möckmühl,Möckmühl,,Domenecker Straße,Lkw,,,,"Im Zeitraum vom 23.12.13 - 30.12.13 wurde von bislang unbekannten Tätern der Tankdeckel eines LKW aufgebrochen. Dieser stand auf einem Parkplatz, in der Domenecker Straße, in Möckmühl. Es wurden 160 Liter Dieselkraftstoff im Wert von circa 240 Euro aus dem Tank entwendet. Sachdienliche Hinweise nimmt der Polizeiposten Möckmühl unter der Nummer 06298 92000 entgegen."
1/14/2014,Ellhofen,Ellhofen,,Weinsberger Straße,Pkw,,,"10,000","Audi A 6 gestohlen Auf einen Audi A 6 hatte es ein bislang Unbekannter abgesehen. Das in der Weinsberger Straße in Ellhofen abgestellte Auto wurde in der Zeit von Montag, 21.00 Uhr, bis Dienstag, 06.40 Uhr gestohlen. Der Audi hat einen Zeitwert von rund 10.000 Euro, ist mit einem HN-Kennzeichen versehen und hat eine silbergraue Lackierung. Sachdienliche Hinweise nimmt die Kriminalpolizei Heilbronn unter der Tel.Nr.: 07131/104-4444 entgegen."
1/13/2014,Crailsheim,Crailsheim,,Heyking-Straße,Bagger,Diesel,,,"Wie jetzt erst bemerkt und angezeigt wurde, entwendeten Unbekannte aus einem Baggertank zwischen dem 18.12.2013 und jetzt circa 500 Liter Diesel-Kraftstoff. Der Bagger stand an einer Straßenbaustelle in der Friedrich Heyking-Straße. Hinweise an die Polizei in Crailsheim, Tel.: 07951/480-0."
1/14/2014,Creglingen,Creglingen,,Industriestraße,Lkw,Diesel,,500,Zwischen Montag 17:30 Uhr und Dienstag 07:00 Uhr brach ein bislang unbekannter Täter den Tankdeckel eines in der Industriestraße auf dem Waschplatz der BAG geparkten Volvo LKWs auf und zapfte zirka 350 Liter Diesel aus dem Tank ab. Den Tankdeckel nahm der Täter vermutlich mit. Der Diebstahlsschaden wird auf zirka 500 Euro geschätzt. Sachdienliche Hinweise nimmt die Polizei in Weikersheim unter der Telefonnummer: 07934 9947-0 gerne entgegen. 
1/22/2014,Bad Wimpfen,Bad Wimpfen,,Servianstraße,Pkw,,,,"Einen BMW X5 entwendeten bislang unbekannte Diebe in der Nacht zum Mittwoch in Bad Wimpfen. Der Pkw war zwischen 21.15 Uhr und 7.10 Uhr in der Servianstraße geparkt. Der Pkw ist weiß und hat eine Künzelsauer Zulassung. Der Wert des Pkw kann bislang nicht beziffert werden. Zeugen, die sachdienliche Hinweise geben können werden gebeten, sich mit der Kripo Heilbronn unter Telefon 07131/104-4444, in Verbindung zu setzen."
1/21/2014,Bad Rappenau,Bad Rappenau,,Schwalbenstraße,Pkw,,,,Am Dienstagvormittag wurde in Bad Rappenau zwischen 6:45 und 13:00 Uhr in der Schwalbenstraße die Beifahrerscheibe eines Peugeot eingeschlagen und eine Handtasche samt Inhalt aus dem Innenraum des Fahrzeugs entwendet. Der Wert des entwendeten Gutes beträgt zirka 250 Euro. Der Schaden an der Seitenscheibe ebenfalls knapp 250 Euro. Sachdienliche Hinweise nimmt die Polizei in Bad-Rappenau unter der Telefonnummer 07264 9590-0 entgegen.
1/22/2014,Bad Wimpfen,Bad Wimpfen,,Servianstraße,Pkw,,,,"Einen Tatzusammenhang zwischen den Diebstählen zweier Pkw vermutet die Polizei in Bad Wimpfen. Wie bereits berichtet wurde in der Nacht zum Mittwoch in der Servianstraße ein neuwertiger BMW X5 mit Künzelsauer Zulassung gestohlen. Nun wurde der Polizei ein weiterer Diebstahl eines BMW des gleichen Typs gemeldet. Dieser war im selben Tatzeitraum, zwischen Dienstag, 20.30 und Mittwoch 07.00 Uhr, in der Schillerstraße auf dem Stellplatz vor Gebäude Nr. 17 abgestellt. An dem X5 waren Heilbronner Kennzeichen angebracht. Beide Fahrzeuge waren weiß lackiert und haben einen Gesamtwert von etwa 150.000 Euro. Sachdienliche Hinweise zu den Straftaten nimmt die Kripo Heilbronn unter der Telefonnummer 07131 104-4444, entgegen."
1/22/2014,Öhringen,Öhringen,,,Pkw,,,,"In Öhringen-Michelbach versuchten Unbekannte vermutlich in der Nacht zu Mittwoch ein Auto aufzubrechen. In der Zeit zwischen Dienstag, 19 Uhr, und Mittwoch, 6 Uhr, machten sie sich an der Fahrertür eines in der Straße Unterer Kirchberg abgestellten Mitsubishi Pajero zu schaffen und versuchten diese aufzuwuchten. Dies misslang zwar gründlich, allerdings richteten die verhinderten Autoaufbrecher einen Sachschaden in Höhe von 500 Euro an. Wer zur Tatzeit im Bereich des Unteren Kirchwegs etwas Verdächtiges beobachtet oder gehört hat, sollte sich bei der Öhringer Polizei, Telefon 07941 9300, melden."
1/28/2014,Bad Rappenau,Bad Rappenau,,,Lkw,"A6, Diesel",,,In der Nacht zum Dienstag kam es auf dem Parkplatz Bauernwald-Nord entlang der BAB 6 in Fahrtrichtung Mannheim zu zwei Dieseldiebstählen aus Kraftfahrzeugstanks. Insgesamt wurden zirka 750 Liter Diesel entwendet. Um sachdienliche Hinweise bittet die Verkehrspolizei in Weinsberg unter der Telefonnummer: 07134 513-0.
1/22/2014,Sachsenheim,Sachsenheim,,Gutenbergstraße,Motorräder,,,,"Auf ein Motorrad im Wert von etwa 12.500 Euro hatten es unbekannte Diebe abgesehen, als sie in der Nacht von Dienstag 18:00 Uhr auf Mittwoch 06:00 Uhr auf bislang nicht geklärte Art und Weise das verschlossene Tor zu einer Tiefgarage in der Gutenbergstraße überwanden und mutmaßlich mit einem Transportfahrzeug in diese einfuhren. Um an das Zweirad zu gelangen, mussten sie an einem dort abgestellten VW zunächst die Seitenscheibe der Fahrertür einschlagen und den Wagen aus seiner Parkbucht schieben. Dadurch gelangten sie an das vor dem Wagen stehende Motorrad, das mit einer Plane abgedeckt war. Anschließend wurde die fast vier Jahre alte Aprilia RSV 4 auf den Transporter verladen und entwendet. Die Ermittlungen dauern an. Zeugen werden gebeten, sich mit dem Polizeiposten Sachsenheim, Tel. 07147/27406-0 in Verbindung zu setzen."
1/22/2014,Asperg,Asperg,,Johannisstraße,Pkw,,4,,"Auf professionelle Art und Weise gingen vermutlich ein- und dieselben Diebe vor, die in der Nacht von Dienstag auf Mittwoch in zurzeit vier bekannten Fällen hochwertige Fahrzeuge des Herstellers BMW aufbrachen. Dabei gelangten die Täter auf bisher unbekannte Weise in den Innenraum eines BMW X6, der in Asperg in der Johannisstraße parkte. Ohne einen Schaden am Fahrzeug zu hinterlassen, entwendeten sie das Navigations- und Entertainmentsystem im Wert von etwa 3.000 Euro. An einem in der Karlstraße abgestellten BMW der 5er-Reihe schlugen sie das rechte hintere Fenster ein, um das Navigationssystem im Wert von ungefähr 2.000 Euro auszubauen und zu stehlen. Der entstandene Sachschaden wurde mit etwa 300 Euro angegeben. In Möglingen machten sich die Täter in der Raitestraße an einem BMW X5 und der Königsberger Straße an einem BMW X6 zu schaffen, indem sie an den Fahrzeugen jeweils die Dreiecksscheibe an einer hinteren Tür einschlugen und dabei einen Schaden in Höhe von je 200 Euro verursachten. Anschließend bauten sie die betreffenden Bordcomputer im Wert von etwa 3.500 Euro aus und entwendeten diese. Zudem ließen sie in einem Fall noch eine Geldbörse aus der Mittelkonsole mitgehen, die neben 250 Euro Bargeld auch diverse Mitgliedskarten enthielt. Die Ermittlungen dauern an. Zeugen werden gebeten sich beim Polizeiposten Asperg, Tel. 07141/62033 bzw. beim Polizeiposten Möglingen, Tel. 07141/481191, zu melden."
1/22/2014,Asperg,Asperg,,Gutenbergstraße,Motorräder,,,,"Unbekannte entwendeten am Mittwoch in der Zeit zwischen 07:00 Uhr und 22:30 Uhr erneut ein Motorrad aus einer Gemeinschaftstiefgarage in der Gutenbergstraße. Bei der gestohlenen Maschine handelte es sich um eine KTM SuperDuke mit einem Wert von über 11.000 Euro. Obwohl die Batterie und die untere Verkleidung ausgebaut waren, nahmen die Diebe das etwa sechs Monate alte Fahrzeug mit und nutzten zum Abtransport mutmaßlich einen Lieferwagen. Ein Tatzusammenhang mit dem Motorraddiebstahl aus einer weiteren Tiefgarage in der gleichen Straße in der Nacht zuvor (wir berichteten) kann nicht ausgeschlossen werden. Das Kriminalkommissariat Ludwigsburg bittet in beiden Fällen unter Tel. 07141/18-9 um Hinweise."
1/24/2014,Asperg,Asperg,,Entenäcker,Pkw,,,,"Weil der Besitzer eines Audi am Freitag gegen 02:30 Uhr in der Nähe seines Hauses Krach hörte und nachsah, überraschte er vermutlich auf frischer Tat einen Dieb, der sich in seiner Hofeinfahrt in der Straße ""Entenäcker"" am Wagen zu schaffen machte und sofort die Flucht ergriff. Am frühen Morgen konnte der Fahrzeugbesitzer feststellen, dass der Täter in den Kofferraum eingedrungen war, indem er gewaltsam den Schließzylinder des Kofferraumschlosses entfernt hatte. Anschließend klappte er die Rücksitzbank nach vorne und riss eine hintere Seitenabdeckung heraus, um vermutlich das Steuergerät zu entwenden. Der entstandene Sachschaden wurde auf etwa 1.000 Euro beziffert. Hinweise nimmt der Polizeiposten Asperg unter Tel. 07141/62033 entgegen."
1/30/2014,Öhringen,Öhringen,,,Lkw,"A6, Diesel",,,"Beim Abzapfen von Dieselkraftstoff wurden am frühen Donnerstag zwei Männer im Alter von 27 und 29 Jahren angetroffen und festgenommen. Gegen 4 Uhr fiel einer Zivilstreife der Verkehrspolizei auf der BAB 6 in Fahrtrichtung Mannheim ein Sattelzug mit rumänischer Zulassung auf, der zuvor durch verschiedene Parkplätze gefahren war, ohne parken zu wollen. Auf einem Parkplatz zwischen den Anschlussstellen Öhringen und Bretzfeld konnten die Ordnungshüter beobachten, wie sich die beiden Tatverdächtigen am Tank eines geparkten LKW zu schaffen machten und Dieselkraftstoff herauspumpten, weshalb die Männer festgenommen wurden. Da die mutmaßlichen Diebe in Rumänien wohnhaft sind, mussten sei eine Sicherheitsleistung in dreistelliger Höhe bezahlen. Im Anschluss wurden sie auf freien Fuß entlassen."
2/4/2014,Erlenbach,Erlenbach,,,Pkw,A6,,,"Reichlich Beute machte ein bislang Unbekannter in der Nacht zum Dienstag. Der Täter schlitzte die Plane eines Aufliegers auf, welcher auf dem Parkplatz Sulmtal, der BAB 6, Gemarkung Erlenbach, Fahrtrichtung Nürnberg, abgestellt war. Aus dem Lkw-Anhänger ließ der Dieb mehrere hundert Akku-Schrauber im Gesamtwert von einigen zehntausend Euro mitgehen. Sachdienliche Hinweise nimmt die Verkehrspolizeidirektion unter der Tel.Nr.: 07134 513-0 entgegen."
2/6/2014,Kirchberg,Kirchberg,,,Lkw,A6,,,"In der Nacht zum Donnerstag waren auf dem Parkplatz des Autohofes Kirchberg/Jagst sogenannte Planenschlitzer unterwegs. Die Täter wollten durch das Aufschlitzen der Planen offensichtlich ausbaldowern, ob sie möglicherweise an wertvolle Ladung herankommen. Sie schlitzten eine Plane auf und hatten allerdings Pech. Sie erwischten einen litauischen Lkw, der Fällungskieselsäure, eine ungiftige pulverige Substanz, in Big Bags geladen hatte. Nachdem lediglich das weiße Pulver herausrieselte verließen die Täter den Tatort. Der Sachschaden am Lkw beträgt circa 100 Euro, an der Ladung circa 200 Euro."
2/5/2014,Bad Rappenau,Bad Rappenau,,,Lkw,Diesel,,,Rund 800 Liter Dieselkraftstoff stahlen bislang Unbekannte aus den Tanks eines Lkw. Der Lastwagen war in der Nacht zum Mittwoch im Industriegebiet im Bad Rappenau-Bonfelder Buckäckering abgestellt. Der oder die Diebe hatten die Verriegelung der beiden Kraftstofftanks aufgebrochen und den Dieselvorrat auf unbekannte Art herausgeholt. Hinweise dazu nimmt die Polizei Eppingen unter der Tel.Nr.: 07262 6095-0 entgegen.
2/5/2014,Eberstadt,Eberstadt,,,Lkw,"A81, Diesel",,,"Rund 650 Liter Dieselkraftstoff zapften bislang Unbekannte in der Nacht zum Mittwoch aus dem Tank eines Lkws. Der Lastwagen war auf dem Parkplatz Eberbachtal, an der A 81, Fahrtrichtung Würzburg abgestellt. Wie die Diebe an den Kraftstoff im Tank gelangten, ist derzeit noch nicht bekannt. Sachdienliche Hinweise nimmt die Verkehrspolizei unter der Tel.Nr.: 07134 513-0 entgegen."
2/7/2014,Heilbronn,Heilbronn,,Heisenbergstraße,Baufahrzeug,,,"3,500","In der Zeit zwischen 01. und 07.02, 18.00/15.00 Uhr, wurde eine Feldscheune, welche sich entlang der Heisenbergstraße, ca. 100 Meter nach dem dortigen Industriegebiet befindet, durch einen Unbekannten aufgebrochen. Aus der Scheune wurde ein Muldenkipper (Bezeichnung Mini-Truck 709) im Wert von ca. 2.500 Euro entwendet. Die selbstfahrende Arbeitsmaschine ist mit einem 7 PS starken Rasenmähermotor ausgestattet und lässt sich mit einem Seilzug starten. Darüber hinaus entwendete der Täter eine ca. 80 kg schwere Rundholzgreifzange aus Stahl, an der sich Hydraulikanschlüsse befinden. Diese hat einen Wert von ca. 1.000 Euro. Aufgrund der Beschaffenheit der Diebesbeute muss der Täter zum Abtransport einen Pkw-Anhänger oder möglicherweise auch einen Kastenwagen benutzt haben."
2/11/2014,Obersulm,Obersulm,,Obersulm-Sülzbacher Straße,Pkw,,,,"Mehrere hundert Euro dürfte der Schaden betragen, welcher ein bislang Unbekannter in der Zeit von Sonntag, 20.00 Uhr, bis Dienstag, 09.00 Uhr, an einem in der Obersulm-Sülzbacher Straße ""Im Gänsbühl"" anrichtete. Der Täter hatte offenbar versucht, einen BMW X6 aufzubrechen und baute dazu das komplette Schloss der Fahrertür aus. Sachdienliche Hinweise nimmt die Polizei Obersulm unter der Tel.Nr.: 07130 7077 entgegen."
2/9/2014,Rosengarten,Rosengarten,,Gotthilf-Wolf-Straße,Pkw,,,,Aus einem nicht verschlossenen Auto entwendeten Unbekannte in der Nacht zum Sonntag einen Geldbeutel. Über den genauen Inhalt der Geldbörse ist nichts bekannt. Das Auto war in der Gotthilf-Wolf-Straße geparkt.
2/11/2014,Kirchberg,Kirchberg,,,Lkw,"A6, Diesel",,,"Schlecht gelaufen ist es für einen britischen Kraftfahrer, der am Dienstagabend mit seinem Vehikel zum Nächtigen auf den Rasthof Kirchberg gefahren war. Ein Unbekannter zapfte unbemerkt und ohne einen Sachschaden am Lastwagen zu verursachen vermutlich mittels einer Pumpe ca. 600 Liter Diesel aus dem Tank. Da bislang keine Hinweise auf den Dieb vorliegen, blieb dem Berufsfahrer keine andere Möglichkeit, als die nächste Zapfsäule anzufahren, um wieder weiterfahren zu können."
2/13/2014,Crailsheim,Crailsheim,,,Lkw,A6,,,"In der Nacht von Mittwoch auf Donnerstag waren auf einem Parkplatz in Satteldorf Planenschlitzer unterwegs. An einem bulgarischen Lastzug wurde die Plane aufgeschlitzt um sich über die Ladung des Fahrzeugs zu informieren. Zu einem Diebstahl kam es nicht. Der Schaden beträgt circa 400 Euro. Auf dem Parkplatz Reußenberg auf der A 6, Fahrtrichtung Mannheim, wurde ebenfalls in der Nacht zum Donnerstag an einem polnischen Lkw die Plane aufgeschlitzt. Nachdem die Täter die Ladung, es handelte sich hierbei um Reifen, erkannt hatten, öffneten sie die verplombte Hecktür und entwendeten nach bisherigen Erkenntnissen circa 20 - 30 Reifen der Marke GoodYear. Der Wert dürfte mehrere tausend Euro betragen."
2/16/2014,Öhringen,Öhringen,,Heilbronner Straße,Pkw,,,,"Am Sonntag, zwischen 15 und 18.30 Uhr, drang ein Unbekannter in einen in der Heilbronner Straße in Öhringen abgestellten VW Passat gewaltsam ein. Aus dem Fahrzeug entwendete er einen I-Pod Touch. Der entstandene Sach- und Diebstahlschaden beträgt etwa 100 Euro. Hinweise zu der Tat nimmt die Polizei in Öhringen, Telefon 07941 9300, entgegen."
2/16/2014,Leingarten,Leingarten,,Daimlerstraße,Pkw,,,,"In der Nacht auf Sonntag wurde zwischen 23:05 und 04:45 Uhr durch unbekannte Täter die Scheibe der Beifahrertüre eines in der Daimlerstraße abgestellten PKWs eingeschlagen und diverse Gegenstände aus dem PKW gestohlen. Über die Höhe des Sachschadens ist bislang nichts bekannt. Sachdienliche Hinweise nimmt die Polizei in Lauffen, Tel: 07133 209-0, entgegen."
2/17/2014,Leingarten,Leingarten,,Eppinger Straße,Pkw,Diesel,,600,"Zwischen Freitag und Montag entwendeten bislang unbekannte Täter auf einer Großbaustelle in der Eppinger Straße aus dem Dieseltank eines MAN LKWs zirka 100 Liter Diesel. Aus seinem Autokran der Marke Liebherr entwendeten die Täter knapp 200 Liter Diesel. Des Weiteren wurde eine neuwertige Schubkarre entwendet, mit der vermutlich der Dieselkraftstoff von der Baustelle abtransportiert wurde. Der Wert des entwendeten Diesels beläuft sich auf ungefähr 420 Euro. Die Schubkarre hatte einen Wert von zirka 100 Euro. Der entstandene Sachschaden an den beiden Tankdeckeln beläuft sich auf knapp 80 Euro. Die Polizei in Leintal bittet um sachdienliche Zeugenhinweise an die Telefonnummer 07138 81063-0."
2/17/2014,Mosbach,Mosbach,,Rudolf-Diesel-Straße,Pkw,Diesel,,,Zwischen Samstag und Montag entwendeten bislang unbekannte Täter aus einem in der Rudolf-Diesel-Straße geparkten LKW eines Abfallentsorgungsunternehmens knapp 300 Liter Dieseltreibstoff. Der entstandene Sachschaden am Tankdeckel beläuft sich auf zirka 50 Euro. Die Polizei in Mosbach-Diedesheim bittet um sachdienliche Zeugenhinweise an die Telefonnummer 06261 6757-0.
2/18/2014,Heilbronn,Heilbronn,,Staufenbergstraße,Pkw,,,,Zwischen Sonntag und Dienstag schlug ein bislang unbekannter Täter die hintere rechte Seitenscheibe eines in der Staufenbergstraße in Heilbronn geparkten Nissans ein. Offensichtlich entriegelte der Täter im Anschluss den PKW und entwendete aus dessen Innerem ein Auto-CD-Radio im Wert von zirka 50 Euro. Am PKW hinterließ der Täter einen Schaden in Höhe von knapp 100 Euro. Täterhinweise nimmt die Polizei in Heilbronn unter der Telefonnummer: 07131 253093 entgegen.
2/14/2014,Braunsbach,Braunsbach,,,Lkw,A6,,"20,000","Am Freitagmorgen gegen 6 Uhr bemerkte ein polnischer Kraftfahrer, dass die Plane seines Stattelaufliegers aufgeschlitzt war. Bei der näheren Überprüfung wurde festgestellt, dass die komplette Ladung mit ca. 80 Pkw-Felgen und vier Reifen entwendet wurden. Zudem pumpten die Diebe am Zugfahrzeug noch ca. 300 bis 400 Liter Diesel aus dem Kraftstofftank ab. Der genaue Wert der Beute beläuft sich nach vorsichtigen Schätzungen zwischen 15000 bis 20000 Euro."
2/19/2014,Kirchberg/Jagst,Kirchberg,,Autobahnpolizei,Lkw,A6,26,,"n der Nacht von Dienstag auf Mittwoch waren im Bereich der Bundesautobahn 6 wieder sogenannte ""Planenschlitzer"" unterwegs. Gegen 0.35 Uhr wurde die Autobahnpolizei in Kirchberg an der Jagst von einem Berufskraftfahrer darüber verständigt, dass sich auf dem Parkplatz Kochertalbrücke in Fahrtrichtung Nürnberg entsprechende Fälle ereignet hätten. Vor Ort musste festgestellt werden, dass unbekannte Diebe insgesamt die Planen von 26 Lkw aufgeschlitzt hatten, um die Ladung auszukundschaften. Lediglich bei einem Lkw kam es auch zum Diebstahl. Dieser hatte Reinigungstabs geladen. Insgesamt wurden 230 Kartons dieser Tabs entwendet. Zurück blieben nur noch fünf leere Paletten. Der Wert des Diebesguts beträgt ersten Schätzungen zufolge 4 bis 5.000 Euro. Der Schaden an den 26 beschädigten Planen dürfte mindestens 5.000 Euro betragen. Im Zusammenhang mit dem Diebstahl könnte ein Klein-Lkw mit polnischer Zulassung stehen. Dieser fuhr gegen 0.30 Uhr auf dem genannten Parkplatz gegen eine Sattelzugmaschine und flüchtete hiernach unerlaubt. Durch einen Kraftfahrer konnte noch beobachtet, dass es sich bei dem Flüchtigen um einen Klein-Lkw der Marke Mercedes (eventuell 7,5-Tonner) handeln könnte, der eine rote Fahrerkabine und einen silbernen Planenaufbau hatte. Das Kennzeichen soll mit den Buchstaben ""KY"" begonnen haben."
2/14/2014,Kirchberg/Jagst,Kirchberg,,Verkehrspolizei,Lkw,A6,,,"Heute wurde bei der Verkehrspolizei in Kirchberg an der Jagst nachträglich ein weiterer Fall von ""Planenschlitzern"" zur Anzeige gebracht, der sich bereits in der Nacht von Donnerstag, 13.02.14 auf Freitag, 14.02.14 ereignet hatte. Hier wurde von der Ladefläche eines Lkw, dessen Fahrer nur wenige Kilometer vom heutigen Fall entfernt auf dem Reußenberg-Parkplatz Rast machte, 27 Rasenmäher entwendet. Auch hier muss ein größeres Fahrzeug zum Abtransport benutzt worden sein. Der Wert der Rasenmäher beträgt ebenfalls mehrere tausend Euro."
2/14/2014,Freiberg/Neckar,Freiberg,,Panoramastraße,Pkw,,2,,"Gleich an zwei Autos wurde in der Nacht von Donnerstag auf Freitag eine Scheibe eingeschlagen, um Gegenstände aus dem Innenraum zu stehlen. In der Panoramastraße entwendeten die Diebe aus einem geparkten VW auf diese Weise eine Handtasche, die auf der Rückbank lag und neben einem Mobiltelefon auch verschiedene Kundenkarten beinhaltete. Vermutlich dieselben Täter schlugen in der Johannesstraße ebenfalls an einem VW die Scheibe der Fahrertür ein und entwendeten ein Ledermäppchen, das einen Ausweis enthielt. An beiden Fahrzeugen entstand ein Sachschaden in Höhe von jeweils etwa 300 Euro. Hinweise zu beiden Fällen nimmt der Polizeiposten Freiberg am Neckar unter Tel. 07141/643780 entgegen."
2/17/2014,Großbottwar,Großbottwar,,,Baufahrzeug,Diesel,2,,"Bislang unbekannte Täter machten sich in der Zeit von Montag, 17.02.2014, 10:00 Uhr bis zum heutigen Morgen im Gewann Freifeld an zwei Baumaschinen zu schaffen und entwendeten aus den Tanks der geparkten Fahrzeuge rund 450 Liter Diesel. Der Wert des Kraftstoffs beträgt mehrere hundert Euro, zum Sachschaden konnten noch keine Angaben gemacht werden."